record_id,Date,Line items,Order Shipping,Payment Method,Stripe Fee,Status,Billing Country,Paid Date,Shipping City,Shipping Country,Total (EUR),Order Total (EUR),Subtotal (EUR),Free Shipping,Shipping Method,Billing Full Name
12973,2023-09-07 22:10:27,"Product: Benmosche Zinfandel Wine 0,75L X 6 = €167.22. ",23.07,Stripe Safe Card,3.1,wc-completed,HU,2023-09-07 22:10:33,Kunszállás,HU,190.29,190.29,167.22,False,Europe 1,Kristen Moss
12972,2023-09-05 17:59:13,"Product: Testament Posip Wine 0,75L X 1 = €13.14. Product: Šember Brut Pjenušac Wine 0,75L X 2 = €33.98. Product: Šoškić Pinot Noir Wine 0,75L X 6 = €73.20. ",23.07,PayPal,,wc-completed,DE,2023-09-05 17:59:17,Regensburg,DE,143.39,143.39,120.32,False,Europe 1,Micheal Adams
12971,2023-09-05 08:59:18,Product: Karbun Navy Strength Gin Aura X 1 = €48.00. ,25.47,Stripe Safe Card,2.64,wc-completed,FR,2023-09-05 08:59:25,Paris,FR,73.47,73.47,48.0,False,Europe 2,Stacey Bailey
12970,2023-09-05 08:56:44,Product: Karbun Navy Strength Gin Aura X 2 = €96.00. ,26.8,PayPal,,wc-completed,FR,2023-09-05 08:56:48,Paris,FR,122.8,122.8,96.0,False,Europe 2,Jessica Joseph
12969,2023-09-05 08:49:24,Product: Karbun Navy Strength Gin Aura X 1 = €48.00. Product: Aura Truffle Gin - Premium Gin with white Truffles X 1 = €112.81. ,26.8,Apple Pay (Stripe),6.35,wc-completed,TW,2023-09-05 08:49:30,Paris,FR,187.61,187.61,160.81,False,Europe 2,Judith Williams
12967,2023-09-03 14:50:22,"Product: Ivančić Griffin Brut Wine 0,75L X 13 = €293.28. ",0.0,PayPal,,wc-completed,DE,2023-09-03 14:50:26,Schleid,DE,293.28,293.28,293.28,True,Europe 1 (Free Shipping),Crystal Dunn
12966,2023-09-03 10:27:45,Product: Zigante Truffle Spice Black X 3 = €55.74. ,19.47,PayPal,,wc-completed,DE,2023-09-03 10:27:49,München,DE,75.21,75.21,55.74,False,Europe 1,Stephanie Vasquez
12965,2023-09-03 06:44:22,"Product: Benmosche Zinfandel Wine 0,75L X 3 = €83.61. Product: Skaramuca DINGAČ ELEGANCE X 1 = €30.53. Product: Skaramuca DINGAČ RESERVA X 1 = €19.95. Product: Matuško Dingač Wine 0,75L X 1 = €21.24. ",20.8,PayPal,,wc-completed,AT,2023-09-03 06:44:26,Bad Sankt Leonhard im Lavanttal,AT,176.13,176.13,155.33,False,Europe 1,Andre Wiggins
12964,2023-09-01 19:44:29,Product: Aura Biska Brandy - 700ml X 1 = €23.23. Product: - Volume: 700ml. ,19.47,PayPal,,wc-completed,DE,2023-09-01 19:44:34,Iggingen,DE,42.7,42.7,23.23,False,Europe 1,Adam Banks
12940,2023-08-30 21:12:17,Product: Aura Biska Brandy - 700ml X 3 = €69.69. Product: - Volume: 700ml. ,39.33,Stripe Safe Card,1.89,wc-completed,RO,2023-08-30 21:12:25,Ciresoaia,RO,109.02,109.02,69.69,False,Europe 3,Crystal Fletcher
12930,2023-08-27 17:13:48,Product: Aura Teranino - 700ml (#38859892613365) X 1 = €24.00. Product: - Volume: 700ml. Product: Aura Orancello X 1 = €26.54. Product: Aura Biska Brandy - 700ml X 1 = €23.23. Product: - Volume: 700ml. Product: Olive Oil Belić Istarska Bjelica - 500ml X 1 = €26.00. Product: - Volume: 500ml. ,26.8,PayPal,,wc-completed,DK,2023-08-27 17:13:53,Hellerup,DK,126.57,126.57,99.77,False,Europe 2,Karen Buchanan
12880,2023-08-25 19:18:18,Product: Old Pilots London Dry Gin Gift Pack X 1 = €114.14. Product: Old Pilot's Gin Barrel Aged X 1 = €80.00. ,20.8,Stripe Safe Card,3.47,wc-completed,SK,2023-08-25 19:18:26,Bratislava,SK,214.94,214.94,194.14,False,Europe 1,Rhonda Ramirez
12879,2023-08-25 14:30:43,Product: Olive Oil Kota Lastovka - 500ml X 1 = €19.24. Product: - Volume: 500ml. Product: Olive Oil Kota Blend - 500ml X 1 = €19.24. Product: - Volume: 500ml. Product: Olive Oil Kota Bjelica - 500ml X 1 = €19.24. Product: - Volume: 500ml. ,19.47,PayPal,,wc-completed,DE,2023-08-25 14:30:46,Barßel,DE,77.19,77.19,57.72,False,Europe 1,John Matthews
12876,2023-08-24 14:50:09,Product: Old Pilot's Gin X 1 = €48.00. Product: Old Pilot's Gin Barrel Aged X 2 = €165.90. Product: Old Pilots Vodka X 2 = €80.96. ,0.0,PayPal,,wc-completed,CH,2023-08-24 14:50:14,Niederweningen,CH,294.86,294.86,294.86,True,Switzerland (Free Shipping),Donna Sanchez
12733,2023-08-19 14:36:11,"Product: Testament Babić Wine 0,75L X 4 = €63.72. ",13.2,PayPal,,wc-completed,SI,2023-08-19 14:36:15,Kisovec,SI,76.92,76.92,63.72,False,Slovenia,Cindy King
12732,2023-08-19 14:28:50,Product: Skaramuca DINGAČ ELEGANCE X 6 = €183.18. ,25.47,PayPal,,wc-completed,FR,2023-08-19 14:28:54,Paris,FR,208.65,208.65,183.18,False,Europe 2,Jason Shaw
12731,2023-08-17 22:10:31,"Product: Malvazija Deklić Wine 0,75L X 6 = €70.20. ",29.07,PayPal,,wc-completed,NL,2023-08-17 22:10:35,Middelburg,NL,99.27,99.27,70.2,False,Europe 2,Michael White
12730,2023-08-16 22:38:25,Product: Karbun Navy Strength Gin Aura X 1 = €48.00. Product: Aura Truffle Gin - Premium Gin with white Truffles X 1 = €112.81. ,0.0,Stripe Safe Card,2.66,wc-completed,HR,2023-08-16 22:40:02,Slavonski Brod,HR,160.81,160.81,160.81,True,Croatia (Free Shipping),Rodney Butler
12729,2023-08-16 22:09:56,"Product: Ivančić Griffin Sauvignon Blanc Premium Wine 0,75L X 10 = €131.40. ",24.0,PayPal,,wc-completed,DE,2023-08-16 22:10:00,Offenbach,DE,155.4,155.4,131.4,False,Europe 1,Paula Webster
12726,2023-08-15 08:01:00,Product: Aura Teranino - 700ml (#38859892613365) X 2 = €42.00. Product: - Volume: 700ml. ,25.47,Apple Pay (Stripe),1.26,wc-completed,PL,2023-08-15 08:01:05,Turek,PL,67.47,67.47,42.0,False,Europe 2,Donna Merritt
12715,2023-08-13 21:40:51,Product: Aura Teranino in Barrel X 1 = €246.35. ,19.47,PayPal,,wc-completed,DE,2023-08-13 21:40:55,Magdeburg,DE,265.82,265.82,246.35,False,Europe 1,Scott Obrien
12660,2023-08-09 17:26:02,"Product: Ante Sladić Lasina Opol Wine 0,75L X 12 = €146.52. ",24.0,Apple Pay (Stripe),3.49,wc-completed,DE,2023-08-09 17:26:07,Hannover,DE,170.52,170.52,146.52,False,Europe 1,Teresa Fowler
12659,2023-08-08 09:59:55,"Product: Ivančić Griffin Zero Wine 0,75L X 12 = €350.40. ",4.3,Bank Transfer,,wc-completed,HR,2023-08-16 11:15:25,Mali Lošinj,HR,354.7,354.7,350.4,True,Croatia,Andrew Brown
12654,2023-08-07 15:09:24,"Product: Jakovac Graševina Wine 0,75L X 1 = €8.89. Product: Jakovac Sauvignon Blanc Wine 0,75L X 1 = €10.00. Product: Galić Pinot Noir Wine 0,75L X 1 = €15.99. Product: Ante Sladić Maraština Wine 0,75L X 1 = €16.59. Product: Rhein Riesling Korak Wine 0,75L X 1 = €16.59. ",3.9,PayPal,,wc-completed,HR,2023-08-07 15:09:28,Labin,HR,71.96,71.96,68.06,True,Croatia,Jesse Ford
12653,2023-08-07 11:51:17,"Product: Malvazija Deklić Wine 0,75L X 12 = €140.40. ",30.67,PayPal,,wc-completed,NL,2023-08-07 11:51:22,Rijswijk,NL,171.07,171.07,140.4,False,Europe 2,Rebekah Garcia
12651,2023-08-06 15:34:59,Product: Kombucha Cidrani Pure Fermented tea X 1 = €2.12. Product: Kombucha Cidrani Calm Fermented tea X 1 = €2.12. Product: Cidrani Apple Cider Original X 5 = €59.05. ,26.8,PayPal,,wc-completed,NL,2023-08-06 15:37:53,AMSTERDAM,NL,90.09,90.09,63.29,False,Europe 2,Christine Smith
12646,2023-08-05 21:11:43,Product: Aura Teranino - 700ml (#38859892613365) X 1 = €21.00. Product: - Volume: 700ml. ,19.47,Stripe Safe Card,0.86,wc-completed,HU,2023-08-05 21:13:11,"Budapest, II.",HU,40.47,40.47,21.0,False,Europe 1,Vincent Page
12645,2023-08-05 13:47:44,Product: Skaramuca DINGAČ RESERVA X 18 = €359.10. ,25.47,Apple Pay (Stripe),6.02,wc-completed,NL,2023-08-05 13:47:49,Oegstgeest,NL,384.57,384.57,359.1,True,Europe 2,Pamela Moss
12574,2023-08-04 01:17:05,Product: Aura Orancello X 1 = €26.54. ,25.47,Apple Pay (Stripe),1.03,wc-completed,DK,2023-08-04 01:17:10,Dronninglund,DK,52.01,52.01,26.54,False,Europe 2,Keith Smith
12570,2023-08-02 08:26:14,"Product: Matuško Dingač Wine 0,75L X 6 = €127.44. ",3.9,PayPal,,wc-completed,FR,2023-08-02 08:38:54,BUC,FR,156.51,156.51,127.44,False,Croatia,Anita Cole
12569,2023-08-01 08:00:26,Product: Cidrani Cider Apple Honey X 2 = €29.34. ,3.2,Stripe Safe Card,0.74,wc-completed,HR,2023-08-01 08:00:31,Šibenik,HR,32.54,32.54,29.34,False,Croatia,Thomas Lin
12563,2023-07-30 20:07:18,"Product: Malvazija Deklić Wine 0,75L 12x Pack X 1 = €124.75. ",24.0,PayPal,,wc-completed,DE,2023-07-30 20:07:23,Dortmund,DE,148.75,148.75,124.75,False,Europe 1,Thomas Munoz
12561,2023-07-28 22:50:39,Product: Kampanjola Organic Ale Light X 15 = €31.80. ,29.07,Apple Pay (Stripe),1.16,wc-completed,IT,2023-07-28 22:50:44,Pordenone,IT,60.87,60.87,31.8,False,Europe 2,Joyce Harrington
12550,2023-07-27 20:35:08,Product: Olive Oil Belić Buža - 500ml X 6 = €156.00. Product: - Volume: 500ml. Product: Olive Oil Belić Selekcija - 250ml X 1 = €15.00. Product: - Volume: 250ml. Product: Black Truffle Karlić Sea Salt with Grinder X 1 = €11.95. ,26.8,PayPal,,wc-completed,NL,2023-07-27 20:35:12,Rijswijk,NL,209.75,209.75,182.95,False,Europe 2,Timothy Mendez
12548,2023-07-27 09:26:44,Product: Aura Teranino - 700ml (#38859892613365) X 4 = €84.00. Product: - Volume: 700ml. Product: Aura Orancello X 1 = €26.54. ,39.33,Stripe Safe Card,2.5,wc-completed,RO,2023-07-27 09:37:02,Brasov,RO,149.87,149.87,110.54,False,Europe 3,Cory Norton
12547,2023-07-25 22:38:12,Product: Aura Orancello X 4 = €106.16. ,26.8,Stripe Safe Card,4.57,wc-completed,IT,2023-07-25 22:38:17,Castiglione del lago,IT,132.96,132.96,106.16,False,Europe 2,Betty Kirk
12543,2023-07-23 21:44:43,Product: Olive Oil Kota Lastovka - 500ml X 3 = €57.72. Product: - Volume: 500ml. ,19.47,PayPal,,wc-completed,DE,2023-07-23 21:44:48,Hessisch Oldendorf,DE,77.19,77.19,57.72,False,Europe 1,Lauren Morales
12542,2023-07-23 20:13:00,"Product: Karbun Dry Gin Aura - 750ml X 1 = €41.14. Product: - Volume: 750ml. Product: Karbun Navy Strength Gin Aura X 1 = €48.00. Product: Old Pilot's Gin X 1 = €48.00. Product: Agramero Gin Wine 0,75L X 1 = €41.14. Product: Edelweisser Gin X 1 = €39.82. Product: Curzola 1298 Gin X 1 = €37.83. Product: Setti Monti Gin X 1 = €49.11. Product: Rhapsody Dry Gin X 1 = €41.14. ",0.0,Pay Later,,wc-completed,FR,2023-07-23 20:13:04,NANTES,FR,346.18,346.18,346.18,True,Free shipping,Bill Zuniga
12541,2023-07-23 12:13:46,Product: Rhapsody Dry Gin X 1 = €41.14. ,3.2,Stripe Safe Card,0.92,wc-completed,HR,2023-07-23 12:13:51,Brezovica,HR,44.34,44.34,41.14,False,Croatia,Jennifer Phillips
12540,2023-07-22 21:47:46,Product: Krauthaker CHARDONNAY ROSENBERG X 6 = €76.02. Product: Chiavalon Ex Albis - 500ml X 1 = €23.09. Product: - Volume: 500ml. ,25.47,Bank Transfer,,wc-completed,NL,2023-07-26 22:56:06,Rotterdam,NL,124.58,124.58,99.11,False,Europe 2,Stephanie Maldonado
12534,2023-07-18 10:07:22,Product: Olive Oil Cerneka Istarska Bjelica extra virgin - 500ml X 1 = €21.24. Product: - Volume: 500ml. Product: Olive Oil Cerneka Leccino - 500ml X 1 = €21.24. Product: - Volume: 500ml. Product: Olive Oil Cerneka Blended - 500ml X 1 = €21.24. Product: - Volume: 500ml. Product: Olive Oil Cerneka Črnica Extra virgin - 500ml X 1 = €25.22. Product: - Volume: 500ml. ,3.6,Stripe Safe Card,3.26,wc-completed,HR,2023-07-18 10:07:26,Zambratija,HR,92.54,92.54,88.94,True,Croatia,Lauren Shannon
12504,2023-07-16 14:04:56,"Product: Ivančić Griffin Zero Wine 0,75L X 6 = €175.20. ",3.9,Stripe Safe Card,2.94,wc-completed,HR,2023-07-16 14:05:02,Zagreb,HR,179.1,179.1,175.2,True,Croatia,Ronald Larson
12317,2023-07-14 20:19:26,Product: Old Pilot's Gin X 1 = €48.00. ,19.47,PayPal,,wc-completed,DE,2023-07-14 20:19:29,Gadebusch,DE,67.47,67.47,48.0,False,Europe 1,Aaron Mcgee
12315,2023-07-13 04:18:17,Product: Skaramuca DINGAČ ELEGANCE X 12 = €366.36. ,25.47,Stripe Safe Card,12.98,wc-completed,FR,2023-07-13 04:18:21,Mougins,FR,391.83,391.83,366.36,True,Europe 2,Wendy Rodriguez
12308,2023-07-09 22:58:44,Product: Krauthaker CHARDONNAY ROSENBERG X 11 = €139.37. Product: Krauthaker GRAŠEVINA KASNA BERBA X 1 = €30.53. ,19.47,PayPal,,wc-completed,AT,2023-07-09 22:58:47,Austria,AT,189.37,189.37,169.9,False,Europe 1,Jack Chandler
12307,2023-07-08 00:59:55,"Product: Ante Sladić Debit Wine 0,75L X 18 = €207.90. ",25.87,Apple Pay (Stripe),3.76,wc-completed,CZ,2023-07-08 01:00:00,Ostrava,CZ,233.77,233.77,207.9,False,Europe 1,Denise Cox
12305,2023-07-05 12:47:18,Product: Cidrani Cider Apple Honey X 4 = €58.68. ,0.0,PayPal,,wc-completed,HR,2023-07-05 12:47:21,Zagreb,HR,58.68,58.68,58.68,True,Free shipping,Steven Huff
12304,2023-07-04 16:31:05,Product: Old Pilot's Gin X 1 = €48.00. ,3.2,Stripe Safe Card,1.02,wc-completed,HR,2023-07-04 16:31:09,Križevci,HR,51.2,51.2,48.0,False,Croatia,Gabriella Peterson
12302,2023-07-03 06:32:09,"Product: Ante Sladić Debit Wine 0,75L X 6 = €69.30. ",23.07,Stripe Safe Card,1.64,wc-completed,CZ,2023-07-03 06:32:13,Praha,CZ,92.37,92.37,69.3,False,Europe 1,Amy Crawford
12301,2023-07-02 10:16:58,Product: Pale Ale Zmajska Pivovara X 12 = €19.20. ,20.8,Stripe Safe Card,1.55,wc-completed,DE,2023-07-02 10:17:02,Ostfildern-Nellingen,DE,40.0,40.0,19.2,False,Europe 1,Amber Bell
12300,2023-07-02 09:19:00,Product: Aura Drijen - 700ml (#3859892613556) X 1 = €23.23. Product: - Volume: 700ml. Product: Aura Divlje Voće - 700ml (#3859892613549) X 1 = €23.23. Product: - Volume: 700ml. Product: Karbun Dry Gin Aura - 750ml X 1 = €41.14. Product: - Volume: 750ml. Product: Aura Teranino 6x Pack X 1 = €123.00. Product: Aura Teranino - 700ml (#38859892613365) X 3 = €63.00. Product: - Volume: 700ml. ,30.67,PayPal,,wc-completed,NL,2023-07-02 09:19:03,Buchten,NL,304.27,304.27,273.6,True,Europe 2,Jonathan Obrien
12298,2023-06-29 21:49:37,Product: Aura Biska Brandy - 700ml X 6 = €139.38. Product: - Volume: 700ml. ,29.07,Stripe Safe Card,2.78,wc-completed,IT,2023-06-29 21:49:42,SCARPERIA E SAN PIERO,IT,168.45,168.45,139.38,False,Europe 2,Angela Mills
12297,2023-06-25 14:24:23,Product: Aura Divlje Voće - 700ml (#3859892613549) X 2 = €46.46. Product: - Volume: 700ml. ,20.8,Stripe Safe Card,1.26,wc-completed,DE,2023-06-25 14:24:27,Schwieberdingen,DE,67.26,67.26,46.46,False,Europe 1,Ryan Hawkins
12294,2023-06-16 09:20:42,"Product: Ante Sladić Debit Wine 0,75L X 18 = €207.90. Product: Galić Chardonnay Wine 0,75L X 12 = €207.00. ",0.0,Stripe Safe Card,6.47,wc-completed,CZ,2023-06-16 09:23:17,18200,CZ,414.9,414.9,414.9,True,Free shipping,Austin Cowan
12293,2023-06-10 14:33:43,Product: Aura Teranino - 700ml (#38859892613365) X 2 = €42.00. Product: - Volume: 700ml. ,3.2,PayPal,,wc-completed,HR,2023-06-10 14:33:47,Kastav,HR,45.2,45.2,42.0,False,Croatia,Taylor Cobb
12290,2023-06-04 12:10:44,Product: Olive Oil Cerneka Istarska Bjelica extra virgin - 500ml X 3 = €63.72. Product: - Volume: 500ml. Product: Olive Oil Cerneka Leccino - 500ml X 2 = €42.48. Product: - Volume: 500ml. ,20.8,Bank Transfer,,wc-completed,DE,2023-06-14 10:27:35,Pulheim,DE,127.0,127.0,106.2,False,Europe 1,Timothy Michael
12258,2023-06-02 19:20:08,Product: Karbun Navy Strength Gin Aura X 8 = €384.00. ,0.0,PayPal,,wc-completed,BE,2023-06-02 19:20:11,Meldert (O.-Vl.),BE,384.0,384.0,384.0,True,Free shipping,Carlos Sherman
12255,2023-05-26 12:51:48,Product: Old Pilot's Gin X 1 = €48.00. Product: Aura Teranino - 500ml (#3859892613136) X 1 = €18.20. Product: - Volume: 500ml. ,52.27,PayPal,,wc-completed,IT,2023-05-26 12:51:52,torino,IT,118.47,118.47,66.2,False,Europe 2,Brian Lee
12254,2023-05-23 16:51:13,"Product: Šoškić Pinot Noir Wine 0,75L X 4 = €48.80. ",26.8,Stripe Safe Card,1.38,wc-completed,NL,2023-05-23 16:51:17,Noord-Holland,NL,75.6,75.6,48.8,False,Europe 2,Martin Johnston
12252,2023-05-21 17:38:49,Product: Old Pilot's Gin X 1 = €48.00. Product: Old Pilot's Gin Barrel Aged X 1 = €82.95. ,26.8,Stripe Safe Card,5.38,wc-completed,IT,2023-05-21 17:38:52,Gromo,IT,157.75,157.75,130.95,False,Europe 2,Micheal Kelley
12250,2023-05-17 16:02:10,"Product: Jagunic la Bulle Rose Wine 0,75L X 3 = €53.76. ",20.8,PayPal,,wc-completed,DE,2023-05-17 16:02:13,Saaldorf-Surheim,DE,74.56,74.56,53.76,False,Europe 1,Nicholas Rodriguez
12245,2023-05-09 18:46:33,"Product: Vicelić Dingač Wine 0,75L X 2 = €46.46. ",26.8,Stripe Safe Card,1.35,wc-completed,NL,2023-05-09 18:46:38,Eindhoven,NL,73.26,73.26,46.46,False,Europe 2,Susan Dickerson
12244,2023-05-08 21:07:00,Product: Aura Teranino 12x Pack X 1 = €238.00. ,19.47,PayPal,,wc-completed,DE,2023-05-08 21:07:03,Essen,DE,257.47,257.47,238.0,False,Europe 1,Katherine Jones
12243,2023-05-05 20:56:35,"Product: Old Pilot's Gin X 1 = €48.00. Product: Agramero Gin Wine 0,75L X 1 = €41.14. Product: Saint Hills Nevina Wine 0,75L X 1 = €16.59. Product: Trdenić Pinot Gris Founders Reserva Wine X 1 = €15.93. Product: Ivančić Griffin Single Vineyard Wine 0,75L X 1 = €13.14. ",42.53,Stripe Safe Card,2.91,wc-completed,RO,2023-05-05 20:57:32,sector 2,RO,177.33,177.33,134.8,False,Europe 3,John White
12242,2023-04-28 19:48:02,Product: Old Pilot's Gin X 1 = €48.00. Product: Aura Teranino - 500ml (#3859892613136) X 1 = €18.20. Product: - Volume: 500ml. Product: Old Pilots London Dry Gin Gift Pack X 1 = €114.14. ,26.8,PayPal,,wc-completed,BE,2023-04-28 19:48:06,Brussels,BE,207.14,207.14,180.34,False,Europe 2,Angela Martin
12225,2023-04-27 22:16:49,Product: test X 1 = €1.00. ,0.0,Stripe Safe Card,0.27,wc-completed,HR,2023-04-27 22:17:00,,,1.0,1.0,1.0,False,,Bruce Jackson
12169,2023-04-03 08:09:23,"Product: Jakopić Pušipel Wine 0,75L X 2 = €25.48. ",26.8,Stripe Safe Card,0.98,wc-completed,SE,2023-04-03 08:09:27,Göteborg,SE,52.28,52.28,25.48,False,Europe 2,Linda Johnson
12099,2023-03-26 23:44:04,Product: 24 Carob Gold Gin Vislander X 4 = €74.32. ,29.87,Stripe Safe Card,2.85,wc-completed,RS,2023-03-26 23:44:08,Ruma,RS,104.19,104.19,74.32,False,Serbia,Ronald Carson
12084,2023-03-22 12:36:27,Product: Aura Teranino - 700ml (#38859892613365) X 1 = €21.00. Product: - Volume: 700ml. ,3.2,Stripe Safe Card,0.59,wc-completed,HR,2023-03-22 12:36:32,Metkovic,HR,24.2,24.2,21.0,False,Croatia,Tyler Jensen
12083,2023-03-20 19:09:11,Product: Zigante Truffle Spice Black X 3 = €55.74. ,49.73,PayPal,,wc-completed,CH,2023-03-20 19:09:14,Fehraltorf,CH,105.47,105.47,55.74,False,Switzerland,Christian Austin
12079,2023-03-18 19:56:50,Product: Olive Oil Chiavalon Organic - 250ml X 1 = €13.01. Product: - Volume: 250ml. ,3.2,Stripe Safe Card,0.48,wc-completed,HR,2023-03-18 19:56:54,Zagreb,HR,16.21,16.21,13.01,False,Croatia,Courtney King
12078,2023-03-18 19:26:20,Product: Old Pilot's Gin X 1 = €48.00. ,25.47,Stripe Safe Card,1.28,wc-completed,ES,2023-03-18 19:26:25,Alhaurín de la Torre,ES,73.47,73.47,48.0,False,Europe 2,Rose Gonzalez
12077,2023-03-17 20:57:40,Product: Old Pilot's Gin X 1 = €48.00. ,25.47,PayPal,,wc-completed,IT,2023-03-17 20:57:44,Marco Di Rovereto,IT,73.47,73.47,48.0,False,Europe 2,Tom Tucker
11964,2023-03-16 11:24:06,Product: Aura Teranino 12x Pack X 1 = €238.00. Product: Aura Teranino 6x Pack X 1 = €123.00. ,0.0,Stripe Safe Card,10.72,wc-completed,HR,2023-03-16 11:24:11,Zadar,HR,361.0,361.0,361.0,True,Free shipping,Lisa Thompson
11587,2023-03-03 17:56:53,"Product: Šoškić Pinot Noir Wine 0,75L X 2 = €24.40. Product: Deklić Rose Wine 0,75L X 1 = €10.35. Product: Jakovac Rose Wine 0,75L X 2 = €20.70. Product: Vislander Plavac Milna Grand Cru Wine 0,75L X 2 = €45.12. Product: Vicelić Plavac Mali Wine 0,75L X 1 = €10.09. Product: Vicelić Dingač Wine 0,75L X 3 = €69.69. Product: Saint Hills Nevina Wine 0,75L X 1 = €16.59. ",30.67,Stripe Safe Card,3.44,wc-completed,PL,2023-03-03 17:56:57,Warszawa,PL,227.61,227.61,196.94,False,Europe 2,Adam Schaefer
11586,2023-03-03 17:43:59,"Product: Vislander Plavac Milna Grand Cru Wine 0,75L X 2 = €45.12. Product: Vicelić Plavac Mali Wine 0,75L X 1 = €10.09. Product: Šoškić Pinot Noir Wine 0,75L X 2 = €24.40. Product: Saint Hills Nevina Wine 0,75L X 2 = €33.18. Product: Vicelić Dingač Wine 0,75L X 3 = €69.69. Product: Deklić Rose Wine 0,75L X 1 = €10.35. Product: Jakovac Rose Wine 0,75L X 1 = €10.35. ",30.67,Bank Transfer,,wc-completed,PL,2023-08-28 12:06:53,Warszawa,PL,233.85,233.85,203.18,False,Europe 2,James Davis
11585,2023-03-01 22:18:08,Product: Cimitar Forto Strongest Hot Sauce X 3 = €38.61. ,19.47,Stripe Safe Card,1.06,wc-completed,DE,2023-03-01 22:18:14,Karlsruhe,DE,58.08,58.08,38.61,False,Europe 1,Maria Robbins
11584,2023-02-27 12:34:16,"Product: Jakovac Rose Wine 0,75L X 1 = €10.35. ",3.2,PayPal,,wc-completed,HR,2023-02-27 12:34:19,Zagreb,HR,13.55,13.55,10.35,False,Croatia,Taylor Hart
11583,2023-02-27 01:54:31,Product: Aura Teranino - 700ml (#38859892613365) X 2 = €42.00. Product: - Volume: 700ml. ,19.47,PayPal,,wc-completed,DE,2023-02-27 01:54:34,Tambach-Dietharz,DE,61.47,61.47,42.0,False,Europe 1,Sally Wilson
11582,2023-02-26 20:13:42,"Product: Fakin Malvazija Istarska Wine 0,75L X 7 = €88.27. ",23.07,Apple Pay (Stripe),1.81,wc-completed,AT,2023-02-26 20:13:47,Steyr,AT,111.34,111.34,88.27,False,Europe 1,Michael Bell
11580,2023-02-23 14:45:24,Product: Cidrani Apple Cider Original X 3 = €35.43. ,3.2,Stripe Safe Card,1.37,wc-completed,HR,2023-02-23 14:45:29,Zadar,HR,38.63,38.63,35.43,False,Croatia,Kristen Beck
11578,2023-02-21 21:33:13,Product: Aura Teranino 6x Pack X 1 = €123.00. ,19.47,PayPal,,wc-completed,CZ,2023-02-21 21:33:16,Hladké Životice,CZ,142.47,142.47,123.0,False,Europe 1,Amanda Clark
11573,2023-02-07 21:19:13,Product: Curzola 1298 Aged Gin X 1 = €57.73. Product: Curzola 1298 Gin X 1 = €37.83. ,26.8,Stripe Safe Card,1.96,wc-completed,FR,2023-02-07 21:21:46,Rueil Malmaison,FR,122.36,122.36,95.56,False,Europe 2,Jacob Henson
11569,2023-02-04 09:38:14,Product: Olive Oil Belić Vodnjanska Crnica - 500ml X 1 = €21.24. Product: - Volume: 500ml. Product: Šoltansko Organic Super variety Olive Oil - 250ml X 1 = €18.00. Product: - Volume: 250ml. ,3.2,Stripe Safe Card,0.84,wc-completed,HR,2023-02-04 09:38:19,Sisak,HR,42.44,42.44,39.24,False,Croatia,Joann Hernandez
11567,2023-02-01 14:25:21,Product: Karbun Dry Gin Aura - 750ml X 3 = €123.42. Product: - Volume: 750ml. ,26.8,PayPal,,wc-completed,BE,2023-02-01 14:25:25,Mechelen,BE,150.22,150.22,123.42,False,Europe 2,David Whitaker
11566,2023-01-31 16:34:09,Product: Trdenić Pinot Gris Founders Reserva Wine X 1 = €15.93. ,3.2,PayPal,,wc-completed,HR,2023-01-31 16:34:12,Vinkovci,HR,19.13,19.13,15.93,False,Croatia,Elizabeth Ortiz
11565,2023-01-30 23:05:41,Product: Teranino Truffell - 200ml X 1 = €14.66. Product: - Volume: 200ml. Product: Aura Teranino 12x Pack X 1 = €238.00. ,19.47,Stripe Safe Card,4.06,wc-completed,HU,2023-01-30 23:06:38,Budapest,HU,272.13,272.13,252.66,False,Europe 1,Valerie Russell
11540,2023-01-24 16:01:34,"Product: Chiavalon Ex Albis - 500ml X 1 = €23.09. Product: - Volume: 500ml. Product: Olive Oil Chiavalon Organic - 250ml X 1 = €13.01. Product: - Volume: 250ml. Product: Oblica Organic Olive Oil Ante Sladic X 1 = €11.41. Product: Olive Oil Belić Selekcija - 250ml X 1 = €13.94. Product: - Volume: 250ml. Product: Olive Oil Belić Ascolana Tenera - 250ml X 1 = €13.94. Product: - Volume: 250ml. Product: Olive Oil Belić Vodnjanska Crnica - 250ml X 1 = €13.94. Product: - Volume: 250ml. Product: Olive Oil Kota Blend - 250ml X 1 = €12.21. Product: - Volume: 250ml. Product: Olive Oil Kota Lastovka - 250ml X 1 = €12.21. Product: - Volume: 250ml. Product: Olive Oil Istarska Bjelica Oio Vivo X 1 = €21.24. Product: Olive Oil Chiavalon Atilio - 250ml X 1 = €13.01. Product: - Volume: 250ml. Product: Olive Oil Belić Buža - 250ml X 1 = €13.94. Product: - Volume: 250ml. Product: Fakin Malvazija Istarska Wine 0,75L X 1 = €12.61. Product: Jakopić Pušipel Wine 0,75L X 1 = €12.74. Product: Ante Sladić Lasina Opol Wine 0,75L X 1 = €12.21. Product: Truffles Karlić and Champignons X 1 = €15.93. Product: Zigante Tartufata Truffle Blend X 1 = €13.27. Product: Tartufata White Truffles Karlić - 90g X 1 = €13.27. Product: - Volume: 90g. Product: Istrian Salami Chopped Pork Black Truffle Karlić X 1 = €8.00. Product: Zigante Istrian Dry Sausage with Black Truffles X 2 = €23.90. Product: Zigante Balsamico with White Truffles X 1 = €17.92. Product: Aura Teranino - 700ml (#38859892613365) X 1 = €21.00. Product: - Volume: 700ml. Product: Sheep Cheese With Truffles Karlić - 200g X 1 = €13.01. Product: - Volume: 200g. Product: Goat Cheese with Truffles Zigante X 1 = €21.24. ",44.93,Stripe Safe Card,5.74,wc-completed,RO,2023-01-25 16:47:23,Timisoara,RO,391.97,391.97,347.04,True,Europe 3,Derrick Charles
11492,2023-01-22 21:08:40,Product: Aura Medenica - 700ml (#3859892613457) X 1 = €23.23. Product: - Volume: 700ml. Product: Aura Šipak - 700ml X 1 = €23.23. Product: - Volume: 700ml. Product: Aura Orancello X 1 = €26.54. ,26.8,PayPal,,wc-completed,FR,2023-01-22 21:08:43,la fare les oliviers,FR,99.8,99.8,73.0,False,Europe 2,Cory Bishop
11474,2023-01-22 11:23:54,Product: Aura Biska Brandy - 700ml X 3 = €69.69. Product: - Volume: 700ml. ,20.8,PayPal,,wc-completed,DE,2023-01-22 11:23:56,Augsburg,DE,90.49,90.49,69.69,False,Europe 1,Michael Peterson
11395,2023-01-18 18:18:33,"Product: Fakin Malvazija Istarska Wine 0,75L X 12 = €151.32. ",24.0,Stripe Safe Card,2.7,wc-completed,AT,2023-01-18 18:18:38,Warth,AT,175.32,175.32,151.32,False,Europe 1,Olivia Riley
11076,2023-01-14 13:29:20,Product: Old Pilot's Gin X 1 = €50.43. ,25.47,PayPal,,wc-completed,LU,2023-01-14 13:29:24,Mondercange,LU,75.9,75.9,50.43,False,Europe 2,Lori Marquez
11034,2023-01-11 15:53:13,Product: Aura Teranino 6x Pack X 1 = €119.00. ,25.47,PayPal,,wc-completed,NL,2023-01-11 15:53:16,Haarlem,NL,144.47,144.47,119.0,False,Europe 2,Teresa Davis
11018,2023-01-09 08:51:55,Product: Aura Teranino - 700ml (#38859892613365) X 2 = €46.70. Product: - Volume: 700ml. ,19.47,Stripe Safe Card,2.17,wc-completed,HU,2023-01-09 08:52:00,kobleny,HU,66.17,66.17,46.7,False,Europe 1,Derrick Roberts
10938,2023-01-06 18:51:37,Product: Aura Teranino - 700ml (#38859892613365) X 1 = €21.90. Product: - Volume: 700ml. Product: Aura Biska Brandy - 700ml X 2 = €46.70. Product: - Volume: 700ml. Product: Aura Rogač - 700ml X 1 = €23.35. Product: - Volume: 700ml. ,20.8,Stripe Safe Card,1.83,wc-completed,DE,2023-01-06 18:51:42,Altbach,DE,112.75,112.75,91.95,False,Europe 1,Jonathan French
10934,2023-01-04 17:48:25,"Product: Karbun Navy Strength Gin Aura X 1 = €48.00. Product: Agramero Gin Wine 0,75L X 1 = €34.66. ",20.8,PayPal,,wc-completed,DE,2023-01-04 17:48:27,Elmshorn,DE,103.46,103.46,82.66,False,Europe 1,Dwayne Reynolds
10925,2022-12-31 18:51:11,Product: Old Pilot's Gin X 4 = €192.00. ,26.8,PayPal,,wc-completed,NL,2022-12-31 18:51:14,Amsterdam,NL,218.8,218.8,192.0,False,Europe 2,Robert Ortiz
10922,2022-12-30 17:45:54,"Product: Deklić Rose Wine 0,75L X 12 = €121.56. ",30.67,PayPal,,wc-completed,NL,2022-12-30 17:45:57,BEDUM,NL,152.23,152.23,121.56,False,Europe 2,Michael Wilson
10920,2022-12-29 12:43:05,"Product: Korta Katarina Rose Wine 0,75L X 12 = €240.00. ",24.0,PayPal,,wc-completed,DE,2022-12-29 12:43:08,Neuss,DE,264.0,264.0,240.0,False,Europe 1,Brenda Cooper
10919,2022-12-28 12:43:08,Product: Chiavalon Ex Albis - 500ml X 1 = €22.00. Product: - Volume: 500ml. Product: Edelweisser Gin X 1 = €39.86. Product: Olive Oil Chiavalon Organic - 1L X 1 = €21.00. Product: - Volume: 1L. ,20.8,Stripe Safe Card,1.59,wc-completed,AT,2022-12-28 12:43:12,Klosterneuburg,AT,95.37,95.37,82.86,False,Europe 1,Sarah Juarez
10918,2022-12-27 13:36:21,Product: Aura Teranino - 700ml (#38859892613365) X 5 = €109.50. Product: - Volume: 700ml. ,26.8,PayPal,,wc-completed,BE,2022-12-27 13:36:23,Kessel-Lo,BE,136.3,136.3,109.5,False,Europe 2,Nancy Rogers
10917,2022-12-25 20:56:53,"Product: Malvazija Deklić Wine 0,75L X 10 = €92.00. ",30.67,Bank Transfer,,wc-completed,PL,2022-12-30 16:04:23,Skarżysko-Kamienna,PL,113.47,113.47,92.0,False,Europe 2,Christopher Brennan
10914,2022-12-22 14:19:49,Product: Sweet and Tender Gift Box X 1 = €45.14. ,3.2,Stripe Safe Card,0.86,wc-completed,HR,2022-12-22 14:19:53,Zagreb,HR,43.83,43.83,45.14,False,Croatia,Amy Berry
10907,2022-12-19 15:16:33,Product: Winter Memories Gift Box X 1 = €56.82. Product: Aura Teranino and Chocolate Christmas Gift Box X 1 = €53.63. Product: Sweet and Tender Gift Box X 1 = €45.14. Product: Wild Dreams Gift Box X 1 = €58.94. Product: Karlic Christmas Gift Box X 1 = €71.15. ,3.2,Stripe Safe Card,7.47,wc-completed,HR,2022-12-19 15:16:38,Zagreb,HR,288.88,288.88,285.68,True,Croatia,Jamie Cooper
10906,2022-12-18 16:09:22,Product: Old Pilots Christmas Gift Box X 1 = €165.12. ,3.2,Bank Transfer,,wc-completed,HR,2022-12-20 18:10:04,Split,HR,168.32,168.32,165.12,True,Croatia,Darren Medina
10905,2022-12-18 15:33:25,Product: Cidrani Apple Cider Original X 3 = €35.61. ,25.47,Stripe Safe Card,1.11,wc-completed,NL,2022-12-18 15:34:00,AMSTERDAM,NL,61.08,61.08,35.61,False,Europe 2,Dylan Manning
10892,2022-12-16 08:45:24,Product: Aura Teranino - 100ml (#3859892613358) X 9 = €54.00. Product: - Volume: 100ml. Product: Sheep Cheese With Truffles Karlić - 390g X 1 = €22.00. Product: - Volume: 390g. ,20.8,PayPal,,wc-completed,AT,2022-12-16 08:45:28,Köflach,AT,96.8,96.8,76.0,False,Europe 1,Tabitha Taylor
10891,2022-12-15 00:11:32,Product: Aura Teranino - 700ml (#38859892613365) X 3 = €65.70. Product: - Volume: 700ml. ,20.8,Stripe Safe Card,1.46,wc-completed,CZ,2022-12-15 00:11:36,Hradec Kralove,CZ,86.5,86.5,65.7,False,Europe 1,Steven Paul
10889,2022-12-14 11:31:40,"Product: Matuško Dingač Wine 0,75L X 6 = €119.16. ",29.07,PayPal,,wc-completed,FR,2022-12-14 11:32:25,Colmar,FR,148.23,148.23,119.16,False,Europe 2,Darin Tyler
10888,2022-12-14 09:59:32,Product: Karbun Dry Gin Aura - 750ml X 1 = €36.00. Product: - Volume: 750ml. ,25.47,Stripe Safe Card,1.11,wc-completed,BE,2022-12-14 09:59:36,Borgerhout (Antwerpen),BE,61.47,61.47,36.0,False,Europe 2,Brittany Vasquez
10841,2022-12-11 11:49:17,Product: White Truffles Whole Karlić - 50g X 1 = €28.00. Product: - Volume: 50g. ,3.2,Bank Transfer,,wc-completed,HR,2022-12-16 16:38:24,Breznički Hum,HR,28.4,28.4,28.0,False,Croatia,Vincent Dennis
10759,2022-12-07 23:06:32,Product: Teranino Truffell - 200ml X 4 = €58.64. Product: - Volume: 200ml. ,25.47,Stripe Safe Card,1.43,wc-completed,FR,2022-12-07 23:06:37,Colombes,FR,84.11,84.11,58.64,False,Europe 2,Vicki Torres
10751,2022-12-07 16:49:59,Product: Olive Oil Istarska Bjelica Oio Vivo X 2 = €42.00. ,19.47,PayPal,,wc-completed,DE,2022-12-07 16:50:02,Münster,DE,61.47,61.47,42.0,False,Europe 1,Joshua Johnson
10727,2022-12-06 19:39:36,Product: Tomaz Rosé Flaminio 2021 X 5 = €46.75. ,19.47,PayPal,,wc-completed,AT,2022-12-07 08:49:30,Wünschendorf,AT,66.22,66.22,46.75,False,Europe 1,Heather Hernandez
10683,2022-12-04 11:37:23,Product: Aura Teranino - 700ml (#38859892613365) X 1 = €21.90. Product: - Volume: 700ml. ,19.47,PayPal,,wc-completed,HU,2022-12-04 11:37:27,Ikreny,HU,41.37,41.37,21.9,False,Europe 1,Karen Rosales
10504,2022-11-30 22:24:51,Product: Aura Teranino - 700ml (#38859892613365) X 2 = €39.80. Product: - Volume: 700ml. ,25.47,Stripe Safe Card,1.16,wc-completed,DK,2022-11-30 22:25:33,Tommerup,DK,65.27,65.27,39.8,False,Europe 2,Jeremy Kelly
10500,2022-11-30 10:36:34,"Product: Malvazija Deklić Wine 0,75L X 1 = €9.20. Product: Olive oil Šoltansko Blend Premium Variety Soltanka Oblika X 1 = €14.00. ",3.2,Stripe Safe Card,0.62,wc-completed,HR,2022-11-30 10:36:38,Zagreb,HR,26.4,26.4,23.2,False,Croatia,Regina Johnson
10499,2022-11-29 14:14:06,"Product: Ante Sladić Maraština Wine 0,75L X 1 = €14.53. ",3.2,Stripe Safe Card,0.5,wc-completed,HR,2022-11-29 14:14:11,Vinkovci,HR,17.73,17.73,14.53,False,Croatia,Gregory Shelton
10498,2022-11-28 20:22:31,Product: Aura Teranino - 700ml (#38859892613365) X 2 = €39.80. Product: - Volume: 700ml. ,19.47,PayPal,,wc-completed,AT,2022-11-28 20:22:34,Grünau,AT,59.27,59.27,39.8,False,Europe 1,Brittany Baker
10497,2022-11-28 08:28:01,Product: Aura Teranino - 700ml (#38859892613365) X 1 = €19.90. Product: - Volume: 700ml. ,19.47,Stripe Safe Card,0.8,wc-completed,CZ,2022-11-28 08:28:06,Brno,CZ,39.37,39.37,19.9,False,Europe 1,Kimberly Welch
10492,2022-11-27 18:01:31,Product: Aura Teranino in Barrel X 2 = €432.70. ,26.8,Stripe Safe Card,6.68,wc-completed,PL,2022-11-27 18:01:36,Rzeszów,PL,459.5,459.5,432.7,True,Europe 2,Jessica Pope
10491,2022-11-27 10:45:13,Product: Aura Teranino - 700ml (#38859892613365) X 4 = €79.60. Product: - Volume: 700ml. ,20.8,Stripe Safe Card,1.66,wc-completed,HU,2022-11-27 10:47:10,Budapest,HU,100.4,100.4,79.6,False,Europe 1,Brian Bonilla
10490,2022-11-26 20:17:36,Product: Aura Ruža - 700ml (#3859892613525) X 1 = €21.30. Product: - Volume: 700ml. Product: Aura Šipak - 700ml X 1 = €23.35. Product: - Volume: 700ml. Product: Aura Limoncello X 1 = €25.35. Product: Aura Teranino - 700ml (#38859892613365) X 2 = €39.80. Product: - Volume: 700ml. ,29.07,Stripe Safe Card,2.19,wc-completed,LT,2022-11-26 20:17:40,"Volungių k., Bubių sen., Šiaulių r.",LT,138.87,138.87,109.8,False,Europe 2,Barbara Fuller
10454,2022-11-25 15:46:09,Product: Aura Teranino - 700ml (#38859892613365) X 2 = €39.80. Product: - Volume: 700ml. ,3.2,Stripe Safe Card,0.85,wc-completed,HR,2022-11-25 15:46:14,Bjelovar,HR,43.0,43.0,39.8,False,Croatia,Tina Alexander
10452,2022-11-24 17:22:52,Product: Old Pilot's Gin X 1 = €48.00. Product: Old Pilot's Gin Barrel Aged X 1 = €82.00. ,39.33,Stripe Safe Card,2.62,wc-completed,RO,2022-11-24 17:23:51,bucuresti,RO,169.33,169.33,130.0,False,Europe 3,Michael Brown
10393,2022-11-23 21:37:19,Product: Cidrani Apple Cider Original X 2 = €23.74. ,3.2,Stripe Safe Card,0.63,wc-completed,HR,2022-11-23 21:37:23,Veliko Trgovišće,HR,26.94,26.94,23.74,False,Croatia,Frederick Smith
10392,2022-11-23 15:18:28,Product: Edelweisser Gin X 2 = €79.72. ,20.8,PayPal,,wc-completed,DE,2022-11-23 15:18:31,Weissenburg,DE,100.52,100.52,79.72,False,Europe 1,Charles Small
10385,2022-11-22 18:30:49,"Product: Coral Wine Dark Side Ivančić Griffin Wine 0,75L X 1 = €148.00. Product: Coral Wine Moraia X 1 = €67.50. Product: Coral Wine Rosso di Montalcino X 1 = €92.80. ",26.8,PayPal,,wc-completed,PL,2022-11-22 18:30:52,Poznan,PL,335.1,335.1,308.3,True,Europe 2,Ronald Hebert
10383,2022-11-22 11:17:10,Product: Coral Wine Moraia X 1 = €67.50. ,3.2,PayPal,,wc-completed,HR,2022-11-22 11:17:13,Zadar,HR,70.7,70.7,67.5,True,Croatia,Shannon Fletcher
10254,2022-11-19 15:31:50,"Product: Malvazija Deklić Wine 0,75L X 12 = €110.40. ",24.0,PayPal,,wc-completed,DE,2022-11-19 15:31:53,Bad Iburg,DE,134.4,134.4,110.4,False,Europe 1,Mary Scott
10244,2022-11-14 10:26:13,Product: London Dry Gin + Barrel Aged Gin Gift Pack X 1 = €151.00. ,19.47,PayPal,,wc-completed,DE,2022-11-14 10:26:16,Mertloch,DE,170.47,170.47,151.0,False,Europe 1,Daniel Cruz
10189,2022-11-12 15:39:01,Product: Aura Teranino - 200ml X 21 = €224.70. Product: - Volume: 200ml. Product: Aura Teranino - 700ml (#38859892613365) X 2 = €46.70. Product: - Volume: 700ml. ,29.07,Stripe Safe Card,4.46,wc-completed,NL,2022-11-12 15:39:44,Den Haag,NL,300.47,300.47,271.4,True,Europe 2,David Watson
10188,2022-11-10 09:35:38,"Product: Saint Hills Dingač Wine 0,75L X 1 = €39.00. Product: Saint Hills Frenchie Wine 0,75L X 1 = €20.60. Product: Saint Hills Nevina Wine 0,75L X 1 = €13.40. ",26.8,Stripe Safe Card,1.65,wc-completed,IT,2022-11-10 09:35:43,Bareggio,IT,99.8,99.8,73.0,False,Europe 2,John Anderson
10186,2022-11-09 09:56:54,Product: Aura Teranino - 700ml (#38859892613365) X 2 = €46.70. Product: - Volume: 700ml. ,19.47,Stripe Safe Card,2.17,wc-completed,HU,2022-11-09 09:56:59,Budapest,HU,66.17,66.17,46.7,False,Europe 1,David Gonzalez
10176,2022-11-05 19:43:47,Product: Aura Teranino - 700ml (#38859892613365) X 1 = €23.35. Product: - Volume: 700ml. ,25.47,Stripe Safe Card,0.93,wc-completed,PL,2022-11-05 19:43:51,Sosnowiec,PL,48.82,48.82,23.35,False,Europe 2,James Buchanan
10156,2022-11-01 19:56:43,Product: Old Pilots London Dry Gin Gift Pack X 1 = €99.00. ,25.47,Stripe Safe Card,1.99,wc-completed,NL,2022-11-01 19:56:48,Tienray,NL,124.47,124.47,99.0,False,Europe 2,Connie Williams
10154,2022-10-28 00:20:55,"Product: Matuško Dingač Superior Wine 0,75L X 1 = €157.33. ",25.47,PayPal,,wc-completed,NL,2022-10-28 00:20:58,Rotterdam,NL,182.8,182.8,157.33,False,Europe 2,James Rangel
10127,2022-10-26 10:40:21,Product: Karbun Dry Gin Aura - 750ml X 2 = €72.00. Product: - Volume: 750ml. Product: Karbun Navy Strength Gin Aura X 1 = €50.66. Product: Aura Šljiva - 700ml X 6 = €140.10. Product: - Volume: 700ml. Product: Aura Moscato - 700ml X 2 = €46.70. Product: - Volume: 700ml. ,0.0,PayPal,,wc-completed,DE,2022-10-26 10:40:25,Flensburg,DE,309.46,309.46,309.46,True,Free shipping,James White
10083,2022-10-21 16:06:12,"Product: Malvazija Deklić Wine 0,75L X 10 = €92.00. ",24.0,PayPal,,wc-completed,DE,2022-10-21 16:06:15,Berlin,DE,116.0,116.0,92.0,False,Europe 1,Kelly Liu
10082,2022-10-21 15:28:10,Product: Old Pilot's Gin X 2 = €96.00. ,26.8,PayPal,,wc-completed,NL,2022-10-21 15:28:13,Barchem,NL,122.8,122.8,96.0,False,Europe 2,James Sutton
10081,2022-10-17 14:04:35,Product: Edelweisser Gin X 2 = €79.72. ,20.8,PayPal,,wc-completed,DE,2022-10-17 14:04:38,Thum,DE,100.52,100.52,79.72,False,Europe 1,Joseph Estrada
10078,2022-10-15 21:18:55,"Product: Tomaz Sauvignon Blanc Nostro 2021 X 4 = €45.80. Product: Testament Posip Wine 0,75L X 1 = €11.86. Product: Tomaz Malvazija Avangarde 2021 X 1 = €9.74. ",3.2,PayPal,,wc-completed,HR,2022-10-15 21:18:58,Köln,HR,70.6,70.6,67.4,True,Croatia,Anthony Cline
10076,2022-10-15 15:06:20,Product: Olive Oil Bembo Rožinjola X 2 = €37.80. Product: Olive Oil Rozinjola - Oio Vivo X 1 = €14.66. ,25.47,Stripe Safe Card,2.51,wc-completed,IT,2022-10-15 15:06:24,Vicenza,IT,77.93,77.93,52.46,False,Europe 2,Michael Andrews
10072,2022-10-14 23:39:04,"Product: Malvazija Deklić Wine 0,75L X 12 = €110.40. ",30.67,PayPal,,wc-completed,NL,2022-10-14 23:39:08,Heesch,NL,141.07,141.07,110.4,False,Europe 2,Kristen Smith
9934,2022-10-10 16:54:29,Product: Olive Oil Rheos Leccino X 15 = €163.50. Product: Aura Teranino - 700ml (#38859892613365) X 6 = €140.10. Product: - Volume: 700ml. ,0.0,Stripe Safe Card,4.5,wc-completed,PL,2022-10-10 16:55:20,Wrocław,PL,303.6,303.6,303.6,True,Free shipping,Holly Quinn
9933,2022-10-09 19:01:08,Product: Aura Teranino - 700ml (#38859892613365) X 4 = €93.40. Product: - Volume: 700ml. Product: Aura Teranino - 500ml (#3859892613136) X 1 = €20.00. Product: - Volume: 500ml. Product: Aura Teranino - 200ml X 1 = €10.70. Product: - Volume: 200ml. ,20.8,Stripe Safe Card,2.28,wc-completed,HU,2022-10-09 19:01:12,Sarkad,HU,144.9,144.9,124.1,False,Europe 1,Charles Riley
9932,2022-10-09 17:48:31,Product: Aura Teranino - 700ml (#38859892613365) X 1 = €23.35. Product: - Volume: 700ml. Product: Aura Biska Brandy - 700ml X 3 = €70.05. Product: - Volume: 700ml. ,20.8,Stripe Safe Card,1.85,wc-completed,DE,2022-10-09 17:48:35,Altbach,DE,114.2,114.2,93.4,False,Europe 1,Toni Mejia
9931,2022-10-09 15:42:58,Product: Aura Teranino - 700ml (#38859892613365) X 6 = €140.10. Product: - Volume: 700ml. Product: Aura Medenica - 700ml (#3859892613457) X 4 = €93.40. Product: - Volume: 700ml. Product: Aura Medimela - 700ml X 2 = €46.70. Product: - Volume: 700ml. Product: Aura Travarica - 700ml X 1 = €23.35. Product: - Volume: 700ml. ,0.0,Stripe Safe Card,4.36,wc-completed,NL,2022-10-09 15:43:47,Huizen,NL,293.55,293.55,303.55,True,Free shipping,Derek Jones
9922,2022-10-07 15:59:40,"Product: Testament Babić Coral Vino Wine 0,75L X 1 = €105.33. Product: Old Pilot's Gin X 2 = €96.00. ",20.8,Stripe Safe Card,2.94,wc-completed,DE,2022-10-07 15:59:44,Mindelheim,DE,191.93,191.93,201.33,False,Europe 1,Lindsey White
9920,2022-10-07 11:36:02,Product: Aura Teranino - 700ml (#38859892613365) X 6 = €140.10. Product: - Volume: 700ml. ,23.07,PayPal,,wc-completed,DE,2022-10-07 11:36:06,Salzgitter,DE,163.17,163.17,140.1,False,Europe 1,Todd George
9919,2022-10-06 23:00:59,"Product: Galić Crno 9 Wine 0,75L X 3 = €59.97. Product: Korak Pinot Noir Wine 0,75L X 2 = €44.00. Product: Benvenuti Teran Wine 0,75L X 2 = €44.00. Product: Fakin Teran Il Primo Wine 0,75L X 3 = €59.61. ",30.67,Stripe Safe Card,7.16,wc-completed,UA,2022-10-06 23:01:04,Radyvyliv (смт. Радивилів),UA,238.25,238.25,207.58,False,Ukraine,Christopher Clark
9915,2022-10-05 14:30:55,Product: Aura Olive and Almond - 700ml X 4 = €93.40. Product: - Volume: 700ml. ,20.8,PayPal,,wc-completed,DE,2022-10-05 14:30:58,Düsseldorf,DE,114.2,114.2,93.4,False,Europe 1,Stephanie Fleming
9833,2022-09-28 09:38:49,"Product: Aura Teranino - 700ml (#38859892613365) X 13 = €303.55. Product: - Volume: 700ml. Product: Fakin Malvazija Istarska Wine 0,75L X 1 = €10.13. ",0.0,PayPal,,wc-completed,AT,2022-09-28 09:38:52,Nenzing,AT,313.68,313.68,313.68,True,Free shipping,Alyssa Phillips
9791,2022-09-27 15:43:35,"Product: Galić Sauvignon Wine 0,75L X 12 = €155.88. ",24.0,PayPal,,wc-completed,DE,2022-09-27 15:43:38,München,DE,179.88,179.88,155.88,False,Europe 1,Abigail Lopez
9773,2022-09-26 17:17:43,"Product: Šoškić Pinot Noir Wine 0,75L X 6 = €73.56. ",0.0,Stripe Safe Card,1.28,wc-completed,HR,2022-09-26 17:17:48,Buje,HR,73.56,73.56,73.56,True,Free shipping,Donna Salinas
9768,2022-09-25 11:04:45,Product: Aura Truffle Gin - Premium Gin with white Truffles X 1 = €105.00. ,19.47,Stripe Safe Card,1.99,wc-completed,DE,2022-09-25 11:04:50,Berlin,DE,124.47,124.47,105.0,False,Europe 1,Craig Gonzalez
9716,2022-09-19 16:27:47,"Product: Testament Babić Coral Vino Wine 0,75L X 3 = €315.99. ",3.6,PayPal,,wc-completed,HR,2022-09-19 16:27:51,Split,HR,319.59,319.59,315.99,True,Croatia,Amy Johnson
9703,2022-09-17 22:37:09,Product: Karbun Dry Gin Aura - 750ml X 3 = €108.00. Product: - Volume: 750ml. ,20.8,PayPal,,wc-completed,AT,2022-09-17 22:37:12,Hallein,AT,128.8,128.8,108.0,False,Europe 1,Stephanie Boone
9677,2022-09-15 21:07:08,"Product: Bire Grk Wine 0,75L X 6 = €160.02. ",23.07,Stripe Safe Card,5.56,wc-completed,CH,2022-09-15 21:07:13,KONSTANZ,DE,183.09,183.09,160.02,False,Europe 1,Jonathan Rogers
9675,2022-09-15 14:56:13,"Product: Sauvignon Kamenice Korak Wine 0,75L X 2 = €36.34. Product: Sauvignon Klemenka Korak Wine 0,75L X 2 = €26.64. ",20.8,PayPal,,wc-completed,AT,2022-09-15 14:56:15,Graz,AT,83.78,83.78,62.98,False,Europe 1,Robert Collins
9666,2022-09-13 21:42:43,"Product: Galić Chardonnay Wine 0,75L X 9 = €127.17. Product: Galić Bijelo 9 Wine 0,75L X 3 = €50.97. Product: Chiavalon Ex Albis - 1L X 3 = €66.00. Product: - Volume: 1L. ",25.87,PayPal,,wc-completed,DE,2022-09-13 21:42:47,Bretten,DE,270.01,270.01,244.14,False,Europe 1,Mackenzie Reed
9665,2022-09-13 20:44:17,"Product: Saint Hills Nevina Wine 0,75L X 1 = €13.40. Product: Saint Hills Frenchie Wine 0,75L X 2 = €41.20. ",13.2,PayPal,,wc-completed,SI,2022-09-13 20:44:21,Šentjernej,SI,67.8,67.8,54.6,False,Slovenia,Martin Wilson
9645,2022-09-12 21:37:17,"Product: Jakopić Pušipel Wine 0,75L X 12 = €99.96. ",30.67,Stripe Safe Card,2.08,wc-completed,IE,2022-09-12 21:37:22,Cork,IE,130.63,130.63,99.96,False,Europe 2,Timothy Alvarez
9626,2022-09-09 22:02:18,Product: Old Pilot's Gin X 2 = €96.00. ,26.8,Stripe Safe Card,1.97,wc-completed,FR,2022-09-09 22:02:23,Saint Brevin les pins,FR,122.8,122.8,96.0,False,Europe 2,Matthew Garcia
9467,2022-09-04 17:34:16,Product: Old Pilot's Gin X 2 = €96.00. Product: Nai 3.3 Olive Oil Blend - 250ml (#5167546052643) X 1 = €24.00. Product: - Volume: 250ml. ,26.8,Stripe Safe Card,2.31,wc-completed,SE,2022-09-04 17:34:20,Malmö,SE,146.8,146.8,120.0,False,Europe 2,Rose Phillips
9456,2022-08-31 18:02:20,"Product: Krvavica Organic Olive Oil Ante Sladic X 1 = €13.86. Product: Ante Sladić Lasina Wine 0,75L X 1 = €22.93. Product: Ante Sladić Plavina Wine 0,75L X 1 = €12.00. Product: Ante Sladić Maraština Wine 0,75L X 1 = €14.53. Product: Šember Brut Pjenušac Wine 0,75L X 1 = €14.00. ",26.8,PayPal,,wc-completed,NL,2022-08-31 18:02:24,Utrecht,NL,104.12,104.12,77.32,False,Europe 2,Diane Allen
9455,2022-08-31 16:49:24,Product: Setti Monti Gin X 1 = €46.66. Product: Old Pilot's Gin X 1 = €48.00. ,20.8,PayPal,,wc-completed,DE,2022-08-31 14:49:27,Lahr,DE,115.46,115.46,94.66,False,Europe 1,Andrew Lawrence
7936,2022-08-21 16:56:41,,23.9,,,wc-completed,AT,2022-08-21 16:56:44,Wien,AT,65.9,65.9,0.0,False,,Caroline Blackburn
7938,2022-08-19 07:43:21,,3.2,,,wc-completed,HR,2022-08-19 07:43:24,Umag,HR,27.2,27.2,0.0,False,,Kelsey Ingram
7940,2022-08-07 06:38:36,,27.7,,,wc-completed,DE,2022-08-07 06:38:39,Mannheim,DE,219.44,219.44,0.0,False,,William Smith
7942,2022-08-01 15:26:02,,23.5,,,wc-completed,AT,2022-08-18 17:46:10,3304 Sankt Georgen am Ybbsfelde,AT,47.5,47.5,0.0,False,,Christina Walker
7943,2022-07-31 11:51:15,,27.7,,,wc-completed,DE,2022-07-31 11:51:19,Bremen,DE,149.26,149.26,0.0,False,,Nicole Stanley
7946,2022-07-25 04:29:50,,6.8,,,wc-completed,HR,2022-07-25 04:29:52,Solin,HR,28.86,28.86,0.0,False,,Patrick Riley
7948,2022-07-18 08:24:08,,4.8,,,wc-completed,HR,2022-07-18 08:24:11,Tisno,HR,34.59,34.59,0.0,False,,Larry Myers
7950,2022-07-16 18:37:25,,23.9,,,wc-completed,DE,2022-07-16 18:37:29,Offenbach am Main,DE,119.9,119.9,0.0,False,,Jennifer Savage
7951,2022-07-12 12:40:54,,25.5,,,wc-completed,IT,2022-07-12 12:40:57,Pordenone,IT,72.16,72.16,0.0,False,,Megan Dunn
7952,2022-07-07 21:37:09,,27.7,,,wc-completed,AT,2022-07-07 21:37:11,Gleisdorf,AT,347.74,347.74,0.0,True,,Joseph Escobar
7956,2022-07-03 14:12:47,,23.5,,,wc-completed,HU,2022-07-06 17:22:58,Budapest,HU,105.5,105.5,0.0,False,,John Anderson
7957,2022-07-02 18:30:40,,26.4,,,wc-completed,DE,2022-07-02 18:30:43,Potsdam,DE,111.18,111.18,0.0,False,,Steven Underwood
7960,2022-06-16 08:25:20,,26.4,,,wc-completed,DE,2022-06-16 08:25:22,Glonn,DE,113.58,113.58,0.0,False,,Michael Smith
7962,2022-06-13 03:55:02,,26.4,,,wc-completed,DE,2022-06-13 03:55:05,Hagen,DE,81.6,81.6,0.0,False,,Robert Lucas
7963,2022-06-10 22:00:47,,29.1,,,wc-completed,SE,2022-06-10 22:00:50,Lidingö,SE,317.1,317.1,0.0,True,,James Thompson
7964,2022-06-09 20:36:42,,51.1156,,,wc-completed,HR,2022-06-13 15:55:40,Zadar,HR,60.0,60.0,0.0,True,,Danielle Henderson
7965,2022-06-07 13:09:11,,26.4,,,wc-completed,DE,2022-06-07 13:09:14,Frankfurt am Main,DE,121.56,121.56,0.0,False,,Meghan Jackson
7966,2022-06-07 09:25:46,,6.0,,,wc-completed,HR,2022-06-07 09:25:49,Zečevo Rogozničko,HR,63.95,63.95,0.0,True,,Richard Gomez
7967,2022-05-28 19:37:45,,27.7,,,wc-completed,DE,2022-05-28 19:37:48,Neuhausen,DE,135.58,135.58,0.0,False,,Kimberly Duncan
7968,2022-05-27 07:31:07,,25.5,,,wc-completed,SE,2022-05-27 07:31:09,Växjö,SE,73.5,73.5,0.0,False,,Jacqueline Long
7972,2022-05-09 07:59:52,,30.7,,,wc-completed,NL,2022-05-09 07:59:56,Barendrecht,NL,277.9,277.9,0.0,False,,Jennifer Stanton
7973,2022-05-07 19:26:53,,27.7,,,wc-completed,AT,2022-05-07 19:26:56,St. Pölten,AT,247.6,247.6,0.0,False,,Edward Fisher
7974,2022-05-06 21:48:58,,23.9,,,wc-completed,DE,2022-05-10 13:20:02,Kulmain,DE,121.42,121.42,0.0,False,,Andrew Daniels
7975,2022-04-21 21:18:52,,23.9,,,wc-completed,DE,2022-04-21 21:18:56,Hallbergmoos,DE,148.9,148.9,0.0,False,,Wendy Martin
7976,2022-04-20 10:35:16,,31.9,,,wc-completed,DE,2022-04-20 10:35:19,Potsdam,DE,156.4,156.4,0.0,False,,Mark Haynes
7978,2022-04-14 15:20:22,,23.9,,,wc-completed,DE,2022-04-14 15:20:25,Werneuchen,DE,117.3,117.3,0.0,False,,Abigail Mccall
7979,2022-04-12 13:41:50,,23.9,,,wc-completed,CZ,2022-04-14 12:13:46,Olomouc,CZ,153.9,153.9,0.0,False,,Regina Davis
7980,2022-04-10 09:45:08,,3.2,,,wc-completed,HR,2022-04-10 09:45:11,Škrljevo,HR,6.8,6.8,0.0,False,,Kathleen Peters
7981,2022-04-05 20:35:04,,25.5,,,wc-completed,NL,2022-04-05 20:35:07,AMSTERDAM,NL,48.1,48.1,0.0,False,,Laura Edwards
7982,2022-03-29 16:30:14,,23.9,,,wc-completed,DE,2022-03-29 16:30:17,Kassel,DE,93.9,93.9,0.0,False,,Patricia Newton
7983,2022-03-26 21:34:06,,26.8,,,wc-completed,IT,2022-03-26 21:34:09,Roma,IT,170.8,170.8,0.0,False,,Nicholas Deleon
7984,2022-03-26 19:58:22,,25.5,,,wc-completed,IT,2022-03-26 19:58:25,Rome,IT,73.5,73.5,0.0,False,,Richard Griffin
7986,2022-03-21 10:27:02,,3.2,,,wc-completed,HR,2022-03-21 10:27:05,Gornji Čehi,HR,6.19,6.19,0.0,False,,Christopher Garcia
7987,2022-03-20 20:47:39,,23.9,,,wc-completed,HU,2022-03-20 20:47:42,Biatorbágy,HU,131.9,131.9,0.0,False,,Tasha Bates
7988,2022-03-11 21:12:11,,26.8,,,wc-completed,PL,2022-03-11 21:12:13,Warszawa,PL,96.81,96.81,0.0,False,,Megan Miller
7990,2022-02-15 17:58:34,,26.8,,,wc-completed,FR,2022-02-15 17:58:38,Paris,FR,93.7,93.7,0.0,False,,Jennifer Brown
7992,2022-02-08 10:57:22,,26.8,,,wc-completed,PL,2022-02-08 10:57:25,Gdańsk,PL,122.8,122.8,0.0,False,,Raymond Whitehead
7993,2022-02-06 19:59:55,,23.9,,,wc-completed,DE,2022-02-06 19:59:58,Sonneberg,DE,133.1,133.1,0.0,False,,Douglas Cain
7994,2022-02-01 23:28:45,,23.5,,,wc-completed,DE,2022-02-07 09:24:05,Fürstenfeldbruck,DE,46.84,46.84,0.0,False,,Christina Russell
7996,2022-01-26 20:22:11,,23.9,,,wc-completed,DE,2022-01-26 20:22:15,Köln,DE,117.26,117.26,0.0,False,,Chris Bray
7997,2022-01-14 19:25:53,,3.2,,,wc-completed,HR,2022-01-18 10:15:37,Mišinka,HR,2.64,2.64,0.0,False,,Kristi Stewart
7998,2022-01-13 07:40:36,,3.2,,,wc-completed,HR,2022-01-14 18:01:59,Šibenik,HR,6.93,6.93,0.0,False,,Brandon Golden
7999,2022-01-06 18:06:28,,26.8,,,wc-completed,SE,2022-01-06 18:06:31,Bålsta,SE,122.8,122.8,0.0,False,,Brian Walker
8000,2022-01-04 00:55:20,,29.3163,,,wc-completed,HR,2022-01-04 11:55:00,Zagreb,HR,98.87,98.87,0.0,True,,David Robinson
8001,2022-01-03 11:47:31,,25.5,,,wc-completed,BE,2022-01-03 11:47:34,merbes le chateau,BE,92.2,92.2,0.0,False,,Steven Lambert
8003,2022-01-02 19:42:51,,3.6,,,wc-completed,RS,2022-01-03 11:45:46,Zagreb,HR,42.57,42.57,0.0,False,,Kylie Stein
8004,2021-12-31 14:09:51,,25.5,,,wc-completed,NL,2021-12-31 14:09:54,Amsterdam,NL,73.5,73.5,0.0,False,,Eugene Walters
8005,2021-12-28 21:32:30,,24.0544,,,wc-completed,HR,2021-12-29 00:57:45,Omišalj,HR,16.36,16.36,0.0,False,,Anthony Luna
8006,2021-12-26 16:32:51,,24.0544,,,wc-completed,HR,2021-12-27 14:31:14,Otok Ugljan,HR,16.76,16.76,0.0,False,,Kristina Ball
8007,2021-12-23 21:44:36,,319.4725,,,wc-completed,RO,2021-12-23 21:47:11,Timișoara,RO,1589.41,1589.41,0.0,True,,Christina Wise
8008,2021-12-23 21:31:08,,26.4,,,wc-completed,DE,2021-12-23 21:31:12,Berlin,DE,185.9,185.9,0.0,False,,Drew Price
8009,2021-12-22 00:26:12,,3.6,,,wc-completed,RS,2021-12-22 00:26:16,Zagreb,HR,42.57,42.57,0.0,False,,Morgan Jones
8010,2021-12-19 00:52:38,,3.6,,,wc-completed,HR,2021-12-19 05:15:13,Eindhoven,HR,13.22,13.22,0.0,False,,Michael Mcdaniel
8013,2021-12-16 22:34:29,,25.5,,,wc-completed,NL,2021-12-17 10:58:14,Sleeuwijk,NL,37.82,37.82,0.0,False,,Andrew Taylor
8014,2021-12-15 18:07:01,,23.5,,,wc-completed,CZ,2021-12-15 19:10:38,Mladá Boleslav,CZ,71.5,71.5,0.0,False,,Joseph Zimmerman
8015,2021-12-14 10:05:38,,24.0544,,,wc-completed,HR,2021-12-14 10:10:42,Zagreb,HR,47.49,47.49,0.0,False,,Deborah Tate
8016,2021-12-13 21:21:07,,3.6,,,wc-completed,HR,2021-12-13 21:21:10,Metkovic,HR,8.44,8.44,0.0,False,,Barbara Wilson
8017,2021-12-11 18:47:13,,26.4,,,wc-completed,DE,2021-12-11 18:47:15,Coswig,DE,139.8,139.8,0.0,False,,Patricia Oneill
8018,2021-12-07 09:44:18,,23.9,,,wc-completed,DE,2021-12-07 09:44:21,Deggenhausertal,DE,117.92,117.92,0.0,False,,Laura Hall
8019,2021-12-03 23:17:54,,26.8,,,wc-completed,PL,2021-12-03 23:17:56,Jastrzębie-Zdrój,PL,73.48,73.48,0.0,False,,Jonathan Choi
8020,2021-12-02 14:25:23,,30.7,,,wc-completed,IT,2021-12-06 11:08:29,BOLOGNA,IT,510.7,510.7,0.0,True,,Sonya Parker
8021,2021-12-01 19:15:36,,24.05,,,wc-completed,HR,2021-12-01 19:28:36,Zagreb,HR,64.38,64.38,0.0,True,,Charles Barron
8022,2021-11-23 11:46:15,,26.4,,,wc-completed,DE,2021-11-23 11:46:17,Rodgau,DE,200.64,200.64,0.0,False,,April Hunt
8024,2021-11-08 18:56:43,,24.05,,,wc-completed,HR,2021-11-08 19:49:06,Novska,HR,10.47,10.47,0.0,False,,Mary Arias
8025,2021-11-06 10:58:38,,13.2,,,wc-completed,SI,2021-11-07 12:34:11,Ig pri Ljubljani,SI,44.39,44.39,0.0,False,,Jeffery Lopez
8027,2021-11-03 16:30:15,,26.8,,,wc-completed,NL,2021-11-03 16:30:17,Amsterdam,NL,122.8,122.8,0.0,False,,Monica Webster
8028,2021-11-02 12:59:12,,24.05,,,wc-completed,HR,2021-11-03 10:37:45,Ilok,HR,39.11,39.11,0.0,False,,Seth Bell
8029,2021-10-18 19:24:31,,27.06,,,wc-completed,HR,2021-10-18 20:47:00,Zagreb,HR,82.69,82.69,0.0,True,,Randall Brown
8030,2021-10-10 12:38:39,,26.4,,,wc-completed,HU,2021-10-10 12:40:14,Biatorbagy,HU,177.97,177.97,0.0,False,,James Smith
